<?xml version="1.0" encoding="UTF-8"?>
<!DOCTYPE suite SYSTEM "http://testng.org/testng-1.0.dtd">
<suite name="Excel Full Compare" parallel="tests" thread-count="5">

    <test verbose="1" name="Excel Full Compare">

        <!--To comment/uncomment multiple lines select the lines and press Ctrl+Shift+/-->

        <!--Provide the ENV details here-->
        <parameter name="clientEnvName" value="bsdf-uat"/>
        <parameter name="riverWorksEnvName" value="engg-az-qa8"/>

        <!--Provide the Tenant ID here-->
        <parameter name="clientTenantID" value="bsdf"/>
        <parameter name="riverWorksTenantID" value="rwtest"/>

        <!--Provide the EntityType here-->
        <parameter name="clientEntityType" value="enart,productversion"/>
        <parameter name="riverWorksEntityType" value="sku,product"/>

        <!--Provide the Context Details here-->
     <!--   <parameter name="clientContext" value="NA"/>
        <parameter name="riverWorksContext" value="NA"/>-->
          <parameter name="clientContext" value="dcountry : DE Germany"/>
          <parameter name="riverWorksContext" value="country : Germany"/>


        <!--Provide the classification Details here  productclassification-->
        <parameter name="clientClassification"
                   value="NA"/>
        <parameter name="riverWorksClassification"
                   value="NA"/>
        <!--<parameter name="clientClassification"
                   value="productclassification : Product Classifications>>Apparel &amp; Footwear>>Hats>>Straw "/>
        <parameter name="riverWorksClassification"
                   value="productclassification : Product Classifications>>Apparel &amp; Footwear>>Hats>>Straw"/>-->

        <!--Provide properties to be ignored-->
        <parameter name="ignoreProperties" value="externalName,description,groupname"/>

        <classes>
            <class name="functional.MDM_CompareJsonDataModel"/>
        </classes>

    </test>
</suite>