<?xml version="1.0" encoding="UTF-8"?>
<!DOCTYPE suite SYSTEM "http://testng.org/testng-1.0.dtd">
<suite name="Excel Full Compare" parallel="tests" thread-count="5">

    <test verbose="1" name="Excel Full Compare">

        <!--To comment/uncomment multiple lines select the lines and press Ctrl+Shift+/-->

        <!--Provide the ENV details here-->
        <parameter name="clientEnvName" value="bsdf-uat"/>
        <parameter name="riverWorksEnvName" value="engg-az-qa8"/>

        <!--Provide the Tenant ID here-->
        <parameter name="clientTenantID" value="bsdf"/>
        <parameter name="riverWorksTenantID" value="qa8rwtest"/>

        <!--Provide the EntityType here-->
        <parameter name="clientEntityType" value="enart"/>
        <parameter name="riverWorksEntityType" value="sku"/>

        <!--Provide the Context Details here-->
     <!--   <parameter name="clientContext" value="NA"/>
        <parameter name="riverWorksContext" value="NA"/>-->
          <parameter name="clientContext" value="dcountry : DE Germany"/>
          <parameter name="riverWorksContext" value="country : Germany"/>


        <!--Provide the classification Details here  productclassification-->
        <parameter name="clientClassification"
                   value="NA"/>
        <parameter name="riverWorksClassification"
                   value="NA"/>
        <!--<parameter name="clientClassification"
                   value="productclassification : Product Classifications>>Apparel &amp; Footwear>>Hats>>Straw "/>
        <parameter name="riverWorksClassification"
                   value="productclassification : Product Classifications>>Apparel &amp; Footwear>>Hats>>Straw"/>-->

        <!--Provide properties to be excluded-->
        <parameter name="excludeProperties" value="externalName,description,groupname"/>

        <!--Provide properties to be included-->
        <!--<parameter name="includeProperties" value="displayType,displaySequence,isLocalizable,isReferenceType,isCollection,maxLength,precision,range"/>-->
        <parameter name="includeProperties" value="na"/>

        <classes>
            <class name="functional.MDM_CompareJsonDataModel"/>
        </classes>

    </test>
</suite>