<?xml version="1.0" encoding="UTF-8"?>
<!-- K&ampN Engineering Product Information - PIES xml -->
<PIES xmlns:xsi="http://www.w3.org/2001/XMLSchema-instance" xsi:schemaLocation="http://www.autocare.org PIES_6_7_(rev4)_XSD_20161228.xsd" xmlns="http://www.autocare.org">
	<Header>
		<PIESVersion>6.7</PIESVersion>
		<SubmissionType>FULL</SubmissionType>
		<BlanketEffectiveDate>2018-04-11</BlanketEffectiveDate>
		<ParentAAIAID>BFGR</ParentAAIAID>
		<BrandOwnerAAIAID>BFGR</BrandOwnerAAIAID>
		<CurrencyCode>USD</CurrencyCode>
		<LanguageCode>EN</LanguageCode>
		<TechnicalContact>Ken Shern</TechnicalContact>
		<ContactEmail>KenS@knfilters.com</ContactEmail>
	</Header>
	<Items>
	<Item MaintenanceType="A">
			<HazardousMaterialCode>N</HazardousMaterialCode>
			<ItemLevelGTIN GTINQualifier="UP">00024844334473</ItemLevelGTIN>
			<PartNumber>AZ_Prod_2607004</PartNumber>
			<BrandAAIAID>BDPL</BrandAAIAID>
			<ACESApplications>N</ACESApplications>
			<ItemQuantitySize UOM="EA">12</ItemQuantitySize>
			<ContainerType>BG</ContainerType>
			<QuantityPerApplication Qualifier="NOR" UOM="EA">1</QuantityPerApplication>
			<AvailableDate>2013-08-15</AvailableDate>
			<MinimumOrderQuantity UOM="EA" >1</MinimumOrderQuantity>
			<PartTerminologyID>49042</PartTerminologyID>
			<Descriptions>
				<Description MaintenanceType="A" DescriptionCode="DES" LanguageCode="EN">AEM Socks</Description>
				<Description MaintenanceType="A" DescriptionCode="INV" LanguageCode="EN">AEM Socks</Description>
				<Description MaintenanceType="A" DescriptionCode="SHO" LanguageCode="EN">AEM Socks</Description>
				<Description MaintenanceType="A" DescriptionCode="EXT" LanguageCode="EN">AEM sport socks are made of 100% soft, breathable bamboo yarn. Each sock has the AEM logo. Each package of socks contains two pair.</Description>
				<Description MaintenanceType="A" DescriptionCode="MKT" LanguageCode="EN">AEM sport socks are made of 100% soft, breathable bamboo yarn. Each sock has the AEM logo. Each package of socks contains two pair.</Description>
			</Descriptions>
			<Prices>
				<Pricing MaintenanceType="A" PriceType="RET" >
					<PriceSheetNumber>2017AEM</PriceSheetNumber>
					<Price UOM="PE">10</Price>
				</Pricing>
			</Prices>
			<ExtendedInformation>
				<ExtendedProductInformation MaintenanceType="A" EXPICode="LIF">A</ExtendedProductInformation>
				<ExtendedProductInformation MaintenanceType="A" EXPICode="LIS">Available Only While Supplies Last</ExtendedProductInformation>
				<ExtendedProductInformation MaintenanceType="A" EXPICode="EMS">1</ExtendedProductInformation>
				<ExtendedProductInformation MaintenanceType="A" EXPICode="REM">N</ExtendedProductInformation>
				<ExtendedProductInformation MaintenanceType="A" EXPICode="TAX">Y</ExtendedProductInformation>
				<ExtendedProductInformation MaintenanceType="A" EXPICode="PLM">5</ExtendedProductInformation>
				<ExtendedProductInformation MaintenanceType="A" EXPICode="PLC">4</ExtendedProductInformation>
				<ExtendedProductInformation MaintenanceType="A" EXPICode="WT1">3</ExtendedProductInformation>
				<ExtendedProductInformation MaintenanceType="A" EXPICode="WT2">MO</ExtendedProductInformation>
				<ExtendedProductInformation MaintenanceType="A" EXPICode="CTO">CN</ExtendedProductInformation>
				<ExtendedProductInformation MaintenanceType="A" EXPICode="HTS">6115990002</ExtendedProductInformation>
				<ExtendedProductInformation MaintenanceType="A" EXPICode="MSR">N</ExtendedProductInformation>
				<ExtendedProductInformation MaintenanceType="A" EXPICode="NPC">W</ExtendedProductInformation>
				<ExtendedProductInformation MaintenanceType="A" EXPICode="HSB">6115990002</ExtendedProductInformation>
				<ExtendedProductInformation MaintenanceType="A" EXPICode="REF">N</ExtendedProductInformation>
			</ExtendedInformation>
			<ProductAttributes>
				<ProductAttribute MaintenanceType="A" PADBAttribute="N" AttributeID="Color">Black</ProductAttribute>
				<ProductAttribute MaintenanceType="A" PADBAttribute="N" AttributeID="Gender">Men</ProductAttribute>
				<ProductAttribute MaintenanceType="A" PADBAttribute="N" AttributeID="Logo">AEM Classic</ProductAttribute>
				<ProductAttribute MaintenanceType="A" PADBAttribute="N" AttributeID="Package Material">Plastic Other</ProductAttribute>
				<ProductAttribute MaintenanceType="A" PADBAttribute="N" AttributeID="Package Type">Bag</ProductAttribute>
				<ProductAttribute MaintenanceType="A" PADBAttribute="N" AttributeID="Product Style">AEM Socks</ProductAttribute>
				<ProductAttribute MaintenanceType="A" PADBAttribute="N" AttributeID="Size">9-11</ProductAttribute>
				<ProductAttribute MaintenanceType="A" PADBAttribute="N" AttributeID="Title">AEM AEM-01-1600-L AEM Socks</ProductAttribute>
				<ProductAttribute MaintenanceType="A" PADBAttribute="N" AttributeID="Type">Premium</ProductAttribute>
				<ProductAttribute MaintenanceType="A" PADBAttribute="N" AttributeID="Weight">0.3 lb (0.1 kg)</ProductAttribute>
<ProductAttribute MaintenanceType="A" PADBAttribute="N" AttributeID="Is item a chemical?">NO</ProductAttribute>
<ProductAttribute MaintenanceType="A" PADBAttribute="N" AttributeID="Is or contains a battery?">LITHIUM</ProductAttribute>
<ProductAttribute MaintenanceType="A" PADBAttribute="N" AttributeID="Is or contains a bulb?">LED</ProductAttribute>
<ProductAttribute MaintenanceType="A" PADBAttribute="N" AttributeID="Contains electronical components?">POWER CORDS</ProductAttribute>
<ProductAttribute MaintenanceType="A" PADBAttribute="N" AttributeID="Does it require SDS?">No</ProductAttribute>
<ProductAttribute MaintenanceType="A" PADBAttribute="Y" AttributeID="10">Silk</ProductAttribute>
<ProductAttribute MaintenanceType="A" PADBAttribute="Y" AttributeID="1318">Small</ProductAttribute>
<ProductAttribute MaintenanceType="A" PADBAttribute="Y" AttributeID="3439">14</ProductAttribute>
<ProductAttribute MaintenanceType="A" PADBAttribute="Y" AttributeID="3748">Thermal</ProductAttribute>
			</ProductAttributes>
			<Packages>
				<Package MaintenanceType="A">
					<PackageLevelGTIN>00024844334466</PackageLevelGTIN>
					<PackageBarCodeCharacters>024844334466</PackageBarCodeCharacters>
					<PackageUOM>EA</PackageUOM>
					<QuantityofEaches>1</QuantityofEaches>
					<Dimensions UOM="IN">
						<Height>1.000</Height>
						<Width>4.000</Width>
						<Length>10.000</Length>
					</Dimensions>
					<Weights UOM="PG">
						<Weight>0.30</Weight>
						<DimensionalWeight>0.2062</DimensionalWeight>
					</Weights>
				</Package>
				<Package MaintenanceType="A">
					<PackageLevelGTIN>30024844334467</PackageLevelGTIN>
					<PackageBarCodeCharacters>30024844334467</PackageBarCodeCharacters>
					<PackageUOM>CA</PackageUOM>
					<QuantityofEaches>100</QuantityofEaches>
					<Dimensions UOM="IN">
						<Height>17.0000</Height>
						<Width>19.0000</Width>
						<Length>22.5000</Length>
					</Dimensions>
					<Weights UOM="PG">
						<Weight>33.0000</Weight>
					</Weights>
				</Package>
			</Packages>
 <PartInterchangeInfo>
        <PartInterchange MaintenanceType="A">
          <BrandAAIAID>BDPL</BrandAAIAID>
          <BrandLabel>Centerforce</BrandLabel>
          <PartNumber>AZ_Prod_2607004</PartNumber>
 <SubBrandAAIAID>HJPL</SubBrandAAIAID>
<SubBrandLabel>Light Metal</SubBrandLabel>
<InternalNotes>Test Interchange</InternalNotes>
         <QualityGradeLevel>P</QualityGradeLevel>
        </PartInterchange>
 </PartInterchangeInfo>

<Kits>
        <KitComponent MaintenanceType="A">
         <ComponentBrand>BDPL</ComponentBrand>
          <ComponentBrandLabel>Centerforce</ComponentBrandLabel>
          <ComponentPartNumber>AZ_Prod_2607004</ComponentPartNumber>
          <Description>Test Kits</Description>
          </KitComponent>
 </Kits>

			<DigitalAssets>
				<DigitalFileInformation MaintenanceType="A">
					<FileName>202flyfishing.jpg</FileName>
					<AssetType>P02</AssetType>
					<FileType>JPG</FileType>
					<Representation>A</Representation>
					<OrientationView>BAC</OrientationView>
                                             <URI>http://text2bid.net/images/a424/202flyfishing.jpg</URI>
					</DigitalFileInformation>
			</DigitalAssets>
		</Item>
	   </Items>
	<Trailer>
		<ItemCount>1067</ItemCount>
		<TransactionDate>2018-04-11</TransactionDate>
	</Trailer>
</PIES>
