<?xml version="1.0" encoding="UTF-8"?>
<extentreports>
    <configuration>
        <!-- document encoding -->
        <!-- defaults to UTF-8 -->
        <encoding>UTF-8</encoding>
		
        <!-- report theme -->
        <!-- dark, standard -->
        <theme>standard </theme>

        <!-- protocol for script and stylesheets -->
        <!-- defaults to https -->
        <protocol>https</protocol>

        <!-- title of the document -->
        <documentTitle>Excel Compare Report</documentTitle>

        <!-- report name - displayed at top-nav -->
        <reportName><![CDATA[<img src='file://violetautonode1/d$/reportImages//qatoolslatest.jpg'/>]]>
			Excel Compare Report</reportName>

        <!-- location of charts in the test view -->
		<!-- top, bottom -->
        <testViewChartLocation>top</testViewChartLocation>

        <!-- report headline - displayed at top-nav, after reportHeadline -->
        <reportHeadline></reportHeadline>

        <!-- global date format override -->
        <!-- defaults to yyyy-MM-dd -->
        <dateFormat>dd-MMM-yyyy</dateFormat>

        <!-- global time format override -->
        <!-- defaults to HH:mm:ss -->
        <timeFormat>HH:mm:ss aa</timeFormat>

        <!-- custom javascript -->
        <scripts>
            <![CDATA[
			$(document).ready(function() {
			
			});
			]]>
        </scripts>

        <scripts>
            <![CDATA[
			$(document).ready(function() {
			$('.dashboard-view').click();
			});
			]]>
        </scripts>

        <!-- custom styles -->
        <styles>
            <![CDATA[.report-name { padding-left: 20px; } .report-name > img { float: left; height: auto; margin-left:30px; margin-top: 0px;width: auto; }]]>
        </styles>
    </configuration>
</extentreports>