[
    {
        "entity": {
            "id":"EntityTestJ12",
            "name": "EntityTestJ12",
            "type": "sku",
            "data": {
                "attributes": {
                    "buytodemand": {
                        "values": [
                            {
                                "source": "internal",
                                "locale": "en-US",
                                "value": true
                            }
                        ]
                    },
                    "dimensionslabel": {
                        "values": [
                            {
                                "source": "internal",
                                "locale": "en-US",
                                "value": "L X W X H"
                            }
                        ]
                    },
                    "suppliername": {
                        "values": [
                            {
                                "source": "internal",
                                "locale": "en-US",
                                "value": "Nike"
                            }
                        ]
                    },
                    "featurespecs": {
                        "values": [
                            {
                                "source": "internal",
                                "locale": "en-US",
                                "value": "4"
                            },
                            {
                                "source": "internal",
                                "locale": "en-US",
                                "value": "Metal Wall Scone with 4 Tea Light Candle Holder"
                            }
                        ]
                    },
                    "upc": {
                        "values": [
                            {
                                "source": "internal",
                                "locale": "en-US",
                                "value": "6238238888212"
                            }
                        ]
                    },
                    "productline": {
                        "values": [
                            {
                                "source": "internal",
                                "locale": "en-US",
                                "value": "DECORATIVE ACCESSORIES"
                            }
                        ]
                    },
                    "availableincountries": {
                        "values": [
                            {
                                "source": "internal",
                                "locale": "en-US",
                                "value": "United States of America"
                            }
                        ]
                    },
                    "primarysize": {
                        "values": [
                            {
                                "source": "internal",
                                "locale": "en-US",
                                "value": "2"
                            }
                        ]
                    },
                    "itemtype": {
                        "values": [
                            {
                                "source": "internal",
                                "locale": "en-US",
                                "value": "1/4 ZIP FLEECE"
                            }
                        ]
                    },
                    "status": {
                        "values": [
                            {
                                "source": "internal",
                                "locale": "en-US",
                                "value": "New"
                            }
                        ]
                    },
                    "createdate": {
                        "values": [
                            {
                                "source": "internal",
                                "locale": "en-US",
                                "value": "2018-07-30T23:01:36.338-0500"
                            }
                        ]
                    },
                    "subhead": {
                        "values": [
                            {
                                "source": "internal",
                                "locale": "en-US",
                                "value": "Perf - ExclusiveLane Home Decorative Metal Wall Scone with 4 Tea Light Candle Holders (Gold)"
                            }
                        ]
                    },
                    "domainindicator": {
                        "values": [
                            {
                                "source": "internal",
                                "locale": "en-US",
                                "value": "Apparel"
                            }
                        ]
                    },
                    "maximumquantity": {
                        "values": [
                            {
                                "source": "internal",
                                "locale": "en-US",
                                "value": 35
                            }
                        ]
                    },
                    "map": {
                        "values": [
                            {
                                "source": "internal",
                                "locale": "en-US",
                                "value": 34
                            }
                        ]
                    },
                    "productfeatures": {
                        "values": [
                            {
                                "source": "internal",
                                "locale": "en-US",
                                "value": "Good quality||Heavy Solid"
                            }
                        ]
                    },
                    "msrp": {
                        "values": [
                            {
                                "source": "internal",
                                "locale": "en-US",
                                "value": 23
                            }
                        ]
                    },
                    "holdingcodes": {
                        "values": [
                            {
                                "source": "internal",
                                "locale": "en-US",
                                "value": "01- Rent"
                            }
                        ]
                    },
                    "retailintroductiondate": {
                        "values": [
                            {
                                "source": "internal",
                                "locale": "en-US",
                                "value": "7/31/2018"
                            }
                        ]
                    },
                    "salespricevisibility": {
                        "values": [
                            {
                                "source": "internal",
                                "locale": "en-US",
                                "value": true
                            }
                        ]
                    },
                    "storagelist": {
                        "values": [
                            {
                                "source": "internal",
                                "locale": "en-US",
                                "value": "128 GB"
                            }
                        ]
                    },
                    "enabled": {
                        "values": [
                            {
                                "source": "internal",
                                "locale": "en-US",
                                "value": false
                            }
                        ]
                    },
                    "color": {
                        "values": [
                            {
                                "source": "internal",
                                "locale": "en-US",
                                "value": "Gold"
                            }
                        ]
                    },
                    "hypearticle": {
                        "values": [
                            {
                                "source": "internal",
                                "locale": "en-US",
                                "value": false
                            }
                        ]
                    },
                    "mdmname": {
                        "values": [
                            {
                                "source": "internal",
                                "locale": "en-US",
                                "value": "EntityTestJ12"
                            }
                        ]
                    },
                    "mdmid": {
                        "values": [
                            {
                                "source": "internal",
                                "locale": "en-US",
                                "value": "EntityTestJ12"
                            }
                        ]
                    },
                    "salesprice": {
                        "values": [
                            {
                                "source": "internal",
                                "locale": "en-US",
                                "value": 25
                            }
                        ]
                    },
                    "dollarmargin": {
                        "values": [
                            {
                                "source": "internal",
                                "locale": "en-US",
                                "value": 34
                            }
                        ]
                    },
                    "headline": {
                        "values": [
                            {
                                "source": "internal",
                                "locale": "en-US",
                                "value": "ExclusiveLane Home Decorative Metal Wall Scone with 4 Tea Light Candle Holders (Gold)"
                            }
                        ]
                    },
                    "channel": {
                        "values": [
                            {
                                "source": "internal",
                                "locale": "en-US",
                                "value": "Mobile"
                            }
                        ]
                    },
                    "description": {
                        "values": [
                            {
                                "source": "internal",
                                "locale": "en-US",
                                "value": "JMETERENTITYA1"
                            }
                        ]
                    },
                    "subproducttype": {
                        "values": [
                            {
                                "source": "internal",
                                "locale": "en-US",
                                "value": "A/V ACCESSORIES"
                            }
                        ]
                    },
                    "subdivision": {
                        "values": [
                            {
                                "source": "internal",
                                "locale": "en-US",
                                "value": ".COM EXCLUSIVE TOYS 1"
                            }
                        ]
                    },
                    "producttype": {
                        "values": [
                            {
                                "source": "internal",
                                "locale": "en-US",
                                "value": "ACCESSORIES - FAN SHOP"
                            }
                        ]
                    },
                    "size": {
                        "values": [
                            {
                                "source": "internal",
                                "locale": "en-US",
                                "value": "12"
                            }
                        ]
                    },
                    "listprice": {
                        "values": [
                            {
                                "source": "internal",
                                "locale": "en-US",
                                "value": 25
                            }
                        ]
                    },
                    "secondarysize": {
                        "values": [
                            {
                                "source": "internal",
                                "locale": "en-US",
                                "value": "48\" DEEP"
                            }
                        ]
                    },
                    "class": {
                        "values": [
                            {
                                "source": "internal",
                                "locale": "en-US",
                                "value": "1001-SPECIAL EVENT"
                            }
                        ]
                    },
                    "entity": {
                        "values": [
                            {
                                "source": "internal",
                                "locale": "en-US",
                                "value": "ACTIVE"
                            }
                        ]
                    },
                    "division": {
                        "values": [
                            {
                                "source": "internal",
                                "locale": "en-US",
                                "value": "CHILDRENS"
                            }
                        ]
                    },
                    "alternatevendor": {
                        "group": [
                            {
                                "vendorid": {
                                    "values": [
                                        {
                                            "source": "internal",
                                            "locale": "en-US",
                                            "value": 1
                                        }
                                    ]
                                },
                                "vendorname": {
                                    "values": [
                                        {
                                            "source": "internal",
                                            "locale": "en-US",
                                            "value": "Vendor12"
                                        }
                                    ]
                                },
                                "vendorpartnumber": {
                                    "values": [
                                        {
                                            "source": "internal",
                                            "locale": "en-US",
                                            "value": 34628892
                                        }
                                    ]
                                },
                                "vendorcost": {
                                    "values": [
                                        {
                                            "source": "internal",
                                            "locale": "en-US",
                                            "value": 46796
                                        }
                                    ]
                                },
                                "locale": "en-US",
                                "source": "internal"
                            }
                        ]
                    }
                },
                "contexts": [
                    {
                        "context": {
                            "classification": "Furniture & Decor>>Decor>>Candles, Candleholders & Sconces",
                            "taxonomy": "Master Taxonomy"
                        },
                        "attributes": {
                            "artist": {
                                "values": [
                                    {
                                        "source": "internal",
                                        "locale": "en-US",
                                        "value": "Artist5"
                                    }
                                ]
                            },
                            "chairdimensions": {
                                "values": [
                                    {
                                        "source": "internal",
                                        "locale": "en-US",
                                        "value": "62LX34HX85L"
                                    }
                                ]
                            },
                            "back": {
                                "values": [
                                    {
                                        "source": "internal",
                                        "locale": "en-US",
                                        "value": "Yes"
                                    }
                                ]
                            },
                            "extendedlength": {
                                "values": [
                                    {
                                        "source": "internal",
                                        "locale": "en-US",
                                        "value": "Yes"
                                    }
                                ]
                            },
                            "decorativetin": {
                                "values": [
                                    {
                                        "source": "internal",
                                        "locale": "en-US",
                                        "value": "No"
                                    }
                                ]
                            },
                            "cordmanagement": {
                                "values": [
                                    {
                                        "source": "internal",
                                        "locale": "en-US",
                                        "value": "Required"
                                    }
                                ]
                            },
                            "lighted": {
                                "values": [
                                    {
                                        "source": "internal",
                                        "locale": "en-US",
                                        "value": "Yes"
                                    }
                                ]
                            },
                            "armrest": {
                                "values": [
                                    {
                                        "source": "internal",
                                        "locale": "en-US",
                                        "value": "No"
                                    }
                                ]
                            },
                            "atomic": {
                                "values": [
                                    {
                                        "source": "internal",
                                        "locale": "en-US",
                                        "value": "No"
                                    }
                                ]
                            },
                            "locks": {
                                "values": [
                                    {
                                        "source": "internal",
                                        "locale": "en-US",
                                        "value": "Not Required"
                                    }
                                ]
                            }
                        }
                    }
                ]
            }
        }
    }
]