[
  {
    "entity": {
      "type": "sku",
      "id": "Eventhubpuru01",
      "data": {
        "contexts": [
          {
            "context": {
              "classification": "FURNITURE>>BEDROOM FURNITURE>>BEDROOM SETS>>BEDROOM SETS",
              "taxonomy": "Product Setup Taxonomy"
            }
          }
        ],
        "attributes": {
          
          "disclaimercopy": {
            "values": [
              {
                "locale": "en-US",
                "source": "internal",
                "value": "BANDED DINNERWARE"
              },
              
              {
                "locale": "en-US",
                "source": "internal",
                "value": "PLATINAIRE"
              }
            ]
          },
          "rmsitemid": {
            "values": [
              {
                "locale": "en-US",
                "source": "internal",
                "value": "Jackets001"
              }
            ]
          },
          "producttitle": {
            "values": [
              {
                "locale": "en-US",
                "source": "internal",
                "value": "bottle"
              }
            ]
          },
          "subdivision": {
            "values": [
              {
                "locale": "en-US",
                "source": "internal",
                "value": "MATERNITY FACTORY SHIP"
              }
            ]
          },
          "retail": {
            "values": [
              {
                "locale": "en-US",
                "source": "internal",
                "value": 123.45
              }
            ]
          },
          "cost": {
            "values": [
              {
                "locale": "en-US",
                "source": "internal",
                "value": 33.33
              }
            ]
          },
          "grossweight": {
            "values": [
              {
                "locale": "en-US",
                "source": "internal",
                "value": 34.21,
                "uom": "kg"
              },
              {
                "locale": "en-US",
                "source": "internal",
                "value": 657.34,
                "uom": "g"
              },
              {
                "locale": "en-US",
                "source": "internal",
                "value": 65.34,
                "uom": "lb"
              }
            ]
          },
          "displayname": {
            "values": [
              {
                "locale": "en-US",
                "source": "internal",
                "value": "Woodland"
              }
            ]
          },
          "description": {
            "values": [
              {
                "locale": "en-US",
                "source": "internal",
                "value": "Woodland"
              }
            ]
          },
          "createpp": {
            "values": [
              {
                "locale": "en-US",
                "source": "internal",
                "value": "Yes"
              }
            ]
          },
          "orin": {
            "values": [
              {
                "locale": "en-US",
                "source": "internal",
                "value": "Woodland1orin00012"
              }
            ]
          },
          "vpn": {
            "values": [
              {
                "locale": "en-US",
                "source": "internal",
                "value": "Woodlandvpn100012"
              }
            ]
          },
          "productline": {
            "values": [
              {
                "locale": "en-US",
                "source": "internal",
                "value": "FOOTWEAR, HANDBAGS, LUGGAGE"
              }
            ]
          },
          "producttype": {
            "values": [
              {
                "locale": "en-US",
                "source": "internal",
                "value": ""
              }
            ]
          },
          "subproducttype": {
            "values": [
              {
                "locale": "en-US",
                "source": "internal",
                "value": ""
              }
            ]
          },
          "itemtype": {
            "values": [
              {
                "locale": "en-US",
                "source": "internal",
                "value": "OXFORD SHOES"
              }
            ]
          },
          "suppliernumbername": {
            "values": [
              {
                "locale": "en-US",
                "source": "internal",
                "value": "KNS INTERNATIONAL LLC"
              }
            ]
          },
          "agegroup": {
            "values": [
              {
                "locale": "en-US",
                "source": "internal",
                "value": "PRESCHOOL"
              },
              {
                "locale": "en-US",
                "source": "internal",
                "value": "TEENS"
              },
              {
                "locale": "en-US",
                "source": "internal",
                "value": "12 YEARS AND UP"
              },
              {
                "locale": "en-US",
                "source": "internal",
                "value": "1"
              }
            ]
          },
          "features": {
            "values": [
              {
                "locale": "en-US",
                "source": "internal",
                "value": "COMFORT"
              },
              {
                "locale": "en-US",
                "source": "internal",
                "value": "LIGHTWEIGHT"
              }
            ]
          },
          "warranty": {
            "values": [
              {
                "locale": "en-US",
                "source": "internal",
                "value": "7 YEAR LIMITED WARRANTY"
              }
            ]
          },
          "division": {
            "values": [
              {
                "locale": "en-US",
                "source": "internal",
                "value": "Jewelry Accessories"
              }
            ]
          },
          "unusualdemandquantity": {
            "values": [
              {
                "locale": "en-US",
                "source": "internal",
                "value": "237"
              }
            ]
          },
          "length": {
            "values": [
              {
                "locale": "en-US",
                "source": "internal",
                "value": "23.33"
              }
            ]
          },
          "source": {
            "values": [
              {
                "locale": "en-US",
                "source": "internal",
                "value": "RMS"
              }
            ]
          }
        }
      }
    }
  }
]