<?xml version="1.0" encoding="UTF-8" standalone="no"?>
<PIES xmlns="http://www.autocare.org" xmlns:xsi="http://www.w3.org/2001/XMLSchema-instance" xsi:schemaLocation="http://www.autocare.org PIES_6_7_(rev4)_XSD_20161228.xsd">
  <Header>
    <PIESVersion>6.8</PIESVersion>
    <SubmissionType>FULL</SubmissionType>
    <BlanketEffectiveDate>2018-04-11</BlanketEffectiveDate>
    <ParentAAIAID>BFGR</ParentAAIAID>
    <BrandOwnerAAIAID>BFGR</BrandOwnerAAIAID>
    <CurrencyCode>USD</CurrencyCode>
    <LanguageCode>EN</LanguageCode>
  </Header>
</PIES>
