{
    "params": {
        "query": {
            "contexts": [
                {
                    "country": "Germany"
                }
            ],
            "id": "sku_entityManageModel",
            "filters": {
                "typesCriterion": [
                    "entityManageModel",
                    "entityValidationModel",
                    "entityDisplayModel"
                ]
            }
        },
        "fields": {
            "attributes": [
                "_ALL"
            ]
        }
    }
}